Ano,Homicídio Doloso por 100 mil habitantes,Furto por 100 mil habitantes,Roubo por 100 mil habitantes,Furto e Roubo de Veículo por 100 mil habitantes,Furto por 100 mil veículos,Roubo por 100 mil veículos,Furto e Roubo de Veículo por 100 mil veículos,Cidade,Regiao
2019,"5,47","1.907,04","1.187,94","492,91","436,47","248,21","684,68",São Paulo,Capital
None,None,None,None,None,None,None,None,Arujá,Grande São Paulo (exclui a Capital)
2019,"4,53","850,76","372,59","213,07","236,16","71,99","308,15",Barueri,Grande São Paulo (exclui a Capital)
None,None,None,None,None,None,None,None,Biritiba Mirim,Grande São Paulo (exclui a Capital)
None,None,None,None,None,None,None,None,Caieiras,Grande São Paulo (exclui a Capital)
None,None,None,None,None,None,None,None,Cajamar,Grande São Paulo (exclui a Capital)
2019,"7,38","572,54","839,97","358,54","453,22","245,46","698,68",Carapicuíba,Grande São Paulo (exclui a Capital)
2019,"5,72","732,31","516,66","298,97","230,84","263,24","494,08",Cotia,Grande São Paulo (exclui a Capital)
2019,"5,66","907,46","1.474,87","658,45","403,41","827,51","1.230,92",Diadema,Grande São Paulo (exclui a Capital)
2019,"7,81","409,34","592,43","148,11","161,31","173,07","334,37",Embu das Artes,Grande São Paulo (exclui a Capital)
None,None,None,None,None,None,None,None,Embu Guaçú,Grande São Paulo (exclui a Capital)
2019,"7,86","660,23","876,12","442,25","518,21","648,10","1.166,31",Ferraz de Vasconcelos,Grande São Paulo (exclui a Capital)
2019,"8,70","609,32","463,08","96,91","173,04","151,65","324,69",Francisco Morato,Grande São Paulo (exclui a Capital)
2019,"7,94","452,48","380,38","134,95","187,59","160,30","347,89",Franco da Rocha,Grande São Paulo (exclui a Capital)
None,None,None,None,None,None,None,None,Guararema,Grande São Paulo (exclui a Capital)
2019,"4,98","853,70","471,37","312,17","355,28","241,35","596,62",Guarulhos,Grande São Paulo (exclui a Capital)
2019,"8,85","600,42","648,78","244,18","211,67","309,94","521,61",Itapecerica da Serra,Grande São Paulo (exclui a Capital)
2019,"11,97","569,66","407,27","181,20","272,98","146,38","419,36",Itapevi,Grande São Paulo (exclui a Capital)
2019,"5,20","696,07","807,56","406,24","541,83","606,07","1.147,90",Itaquaquecetuba,Grande São Paulo (exclui a Capital)
2019,"8,99","660,28","460,07","183,05","283,59","99,09","382,68",Jandira,Grande São Paulo (exclui a Capital)
None,None,None,None,None,None,None,None,Juquitiba,Grande São Paulo (exclui a Capital)
None,None,None,None,None,None,None,None,Mairiporã,Grande São Paulo (exclui a Capital)
2019,"7,61","516,10","590,49","543,73","603,41","468,75","1.072,17",Mauá,Grande São Paulo (exclui a Capital)
2019,"4,86","736,84","266,89","220,64","274,62","107,29","381,91",Mogi das Cruzes,Grande São Paulo (exclui a Capital)
2019,"6,64","979,21","884,25","536,86","631,00","200,51","831,51",Osasco,Grande São Paulo (exclui a Capital)
None,None,None,None,None,None,None,None,Pirapora do Bom Jesus,Grande São Paulo (exclui a Capital)
2019,"1,74","964,94","743,27","470,30","599,90","389,57","989,47",Poá,Grande São Paulo (exclui a Capital)
2019,"3,35","466,51","321,62","296,49","298,63","202,39","501,03",Ribeirão Pires,Grande São Paulo (exclui a Capital)
None,None,None,None,None,None,None,None,Rio Grande da Serra,Grande São Paulo (exclui a Capital)
None,None,None,None,None,None,None,None,Salesópolis,Grande São Paulo (exclui a Capital)
None,None,None,None,None,None,None,None,Santa Isabel,Grande São Paulo (exclui a Capital)
2019,"2,19","414,27","119,61","83,14","101,13","31,39","132,52",Santana de Parnaíba,Grande São Paulo (exclui a Capital)
2019,"7,34","904,60","951,08","871,94","805,01","317,74","1.122,76",Santo André,Grande São Paulo (exclui a Capital)
2019,"4,30","809,21","790,67","495,77","368,01","298,37","666,37",São Bernardo do Campo,Grande São Paulo (exclui a Capital)
2019,"3,26","1.009,76","568,36","406,25","308,86","114,72","423,58",São Caetano do Sul,Grande São Paulo (exclui a Capital)
None,None,None,None,None,None,None,None,São Lourenço da Serra,Grande São Paulo (exclui a Capital)
2019,"7,25","824,88","549,46","441,78","542,58","345,53","888,11",Suzano,Grande São Paulo (exclui a Capital)
2019,"4,25","622,05","864,70","331,92","405,62","286,67","692,29",Taboão da Serra,Grande São Paulo (exclui a Capital)
None,None,None,None,None,None,None,None,Vargem Grande Paulista,Grande São Paulo (exclui a Capital)
None,None,None,None,None,None,None,None,Aparecida,São José dos Campos
None,None,None,None,None,None,None,None,Arapeí,São José dos Campos
None,None,None,None,None,None,None,None,Areias,São José dos Campos
None,None,None,None,None,None,None,None,Bananal,São José dos Campos
None,None,None,None,None,None,None,None,Caçapava,São José dos Campos
None,None,None,None,None,None,None,None,Cachoeira Paulista,São José dos Campos
None,None,None,None,None,None,None,None,Campos do Jordão,São José dos Campos
None,None,None,None,None,None,None,None,Canas,São José dos Campos
2019,"6,58","446,20","120,50","39,20","181,72","31,48","213,20",Caraguatatuba,São José dos Campos
None,None,None,None,None,None,None,None,Cruzeiro,São José dos Campos
None,None,None,None,None,None,None,None,Cunha,São José dos Campos
2019,"15,22","814,15","212,20","74,40","84,71","31,76","116,47",Guaratinguetá,São José dos Campos
None,None,None,None,None,None,None,None,Igaratá,São José dos Campos
None,None,None,None,None,None,None,None,Ilhabela,São José dos Campos
2019,"14,94","814,29","351,11","291,79","285,80","183,93","469,73",Jacareí,São José dos Campos
None,None,None,None,None,None,None,None,Jambeiro,São José dos Campos
None,None,None,None,None,None,None,None,Lagoinha,São José dos Campos
None,None,None,None,None,None,None,None,Lavrinhas,São José dos Campos
None,None,None,None,None,None,None,None,Lorena,São José dos Campos
None,None,None,None,None,None,None,None,Monteiro Lobato,São José dos Campos
None,None,None,None,None,None,None,None,Natividade da Serra,São José dos Campos
None,None,None,None,None,None,None,None,Paraibuna,São José dos Campos
2019,"9,16","846,78","309,14","151,52","165,00","93,99","258,99",Pindamonhangaba,São José dos Campos
None,None,None,None,None,None,None,None,Piquete,São José dos Campos
None,None,None,None,None,None,None,None,Potim,São José dos Campos
None,None,None,None,None,None,None,None,Queluz,São José dos Campos
None,None,None,None,None,None,None,None,Redenção da Serra,São José dos Campos
None,None,None,None,None,None,None,None,Roseira,São José dos Campos
None,None,None,None,None,None,None,None,Santa Branca,São José dos Campos
None,None,None,None,None,None,None,None,Santo Antônio do Pinhal,São José dos Campos
None,None,None,None,None,None,None,None,São Bento do Sapucaí,São José dos Campos
None,None,None,None,None,None,None,None,São José do Barreiro,São José dos Campos
2019,"4,95","724,88","311,95","319,31","403,70","101,04","504,74",São José dos Campos,São José dos Campos
None,None,None,None,None,None,None,None,São Luís do Paraitinga,São José dos Campos
2019,"7,41","593,27","119,77","22,22","89,23","5,25","94,48",São Sebastião,São José dos Campos
None,None,None,None,None,None,None,None,Silveiras,São José dos Campos
2019,"11,41","966,81","314,88","213,51","219,04","76,78","295,82",Taubaté,São José dos Campos
None,None,None,None,None,None,None,None,Tremembé,São José dos Campos
2019,"11,57","749,14","193,21","38,18","113,82","17,97","131,79",Ubatuba,São José dos Campos
None,None,None,None,None,None,None,None,Águas de Lindóia,Campinas
None,None,None,None,None,None,None,None,Amparo,Campinas
2019,"1,11","755,01","202,27","185,55","155,23","131,94","287,17",Atibaia,Campinas
None,None,None,None,None,None,None,None,Bom Jesus dos Perdões,Campinas
2019,"3,08","753,29","118,54","146,76","177,71","40,42","218,14",Bragança Paulista,Campinas
None,None,None,None,None,None,None,None,Cabreúva,Campinas
2019,"11,56","1.315,70","558,58","513,51","405,16","255,05","660,21",Campinas,Campinas
None,None,None,None,None,None,None,None,Campo Limpo Paulista,Campinas
None,None,None,None,None,None,None,None,Estiva Gerbi,Campinas
None,None,None,None,None,None,None,None,Holambra,Campinas
2019,"3,66","842,24","183,73","86,58","93,23","15,88","109,11",Indaiatuba,Campinas
None,None,None,None,None,None,None,None,Itapira,Campinas
2019,"3,39","702,01","214,50","138,20","114,10","79,63","193,73",Itatiba,Campinas
None,None,None,None,None,None,None,None,Itupeva,Campinas
None,None,None,None,None,None,None,None,Jaguariúna,Campinas
None,None,None,None,None,None,None,None,Jarinu,Campinas
None,None,None,None,None,None,None,None,Joanópolis,Campinas
2019,"6,86","1.116,06","318,14","252,99","194,79","115,73","310,53",Jundiaí,Campinas
None,None,None,None,None,None,None,None,Lindóia,Campinas
None,None,None,None,None,None,None,None,Louveira,Campinas
2019,"6,08","1.114,53","389,98","402,83","405,92","98,10","504,02",Mogi Guaçu,Campinas
None,None,None,None,None,None,None,None,Mogi Mirim,Campinas
None,None,None,None,None,None,None,None,Monte Alegre do Sul,Campinas
None,None,None,None,None,None,None,None,Morungaba,Campinas
None,None,None,None,None,None,None,None,Nazaré Paulista,Campinas
None,None,None,None,None,None,None,None,Paulínia,Campinas
None,None,None,None,None,None,None,None,Pedra Bela,Campinas
None,None,None,None,None,None,None,None,Pedreira,Campinas
None,None,None,None,None,None,None,None,Pinhalzinho,Campinas
None,None,None,None,None,None,None,None,Piracaia,Campinas
None,None,None,None,None,None,None,None,Santo Antônio de Posse,Campinas
None,None,None,None,None,None,None,None,Serra Negra,Campinas
None,None,None,None,None,None,None,None,Socorro,Campinas
None,None,None,None,None,None,None,None,Tuiuti,Campinas
2019,"3,17","647,10","148,11","251,08","246,60","63,61","310,21",Valinhos,Campinas
None,None,None,None,None,None,None,None,Vargem,Campinas
2019,"6,67","596,50","259,46","251,95","313,63","118,87","432,50",Várzea Paulista,Campinas
None,None,None,None,None,None,None,None,Vinhedo,Campinas
None,None,None,None,None,None,None,None,Altair,Ribeirão Preto
None,None,None,None,None,None,None,None,Altinópolis,Ribeirão Preto
None,None,None,None,None,None,None,None,Américo Brasiliense,Ribeirão Preto
None,None,None,None,None,None,None,None,Aramina,Ribeirão Preto
2019,"6,54","1.075,08","131,28","137,82","155,26","15,69","170,95",Araraquara,Ribeirão Preto
2019,"5,07","1.502,57","116,56","167,23","184,46","20,73","205,18",Barretos,Ribeirão Preto
None,None,None,None,None,None,None,None,Barrinha,Ribeirão Preto
None,None,None,None,None,None,None,None,Batatais,Ribeirão Preto
None,None,None,None,None,None,None,None,Bebedouro,Ribeirão Preto
None,None,None,None,None,None,None,None,Boa Esperança do Sul,Ribeirão Preto
None,None,None,None,None,None,None,None,Borborema,Ribeirão Preto
None,None,None,None,None,None,None,None,Brodowski,Ribeirão Preto
None,None,None,None,None,None,None,None,Buritizal,Ribeirão Preto
None,None,None,None,None,None,None,None,Cajobi,Ribeirão Preto
None,None,None,None,None,None,None,None,Cajuru,Ribeirão Preto
None,None,None,None,None,None,None,None,Cândido Rodrigues,Ribeirão Preto
None,None,None,None,None,None,None,None,Cássia dos Coqueiros,Ribeirão Preto
None,None,None,None,None,None,None,None,Colina,Ribeirão Preto
None,None,None,None,None,None,None,None,Colômbia,Ribeirão Preto
None,None,None,None,None,None,None,None,Cravinhos,Ribeirão Preto
None,None,None,None,None,None,None,None,Cristais Paulista,Ribeirão Preto
None,None,None,None,None,None,None,None,Descalvado,Ribeirão Preto
None,None,None,None,None,None,None,None,Dobrada,Ribeirão Preto
None,None,None,None,None,None,None,None,Dourado,Ribeirão Preto
None,None,None,None,None,None,None,None,Dumont,Ribeirão Preto
None,None,None,None,None,None,None,None,Embaúba,Ribeirão Preto
None,None,None,None,None,None,None,None,Fernando Prestes,Ribeirão Preto
2019,"4,67","1.349,55","130,46","163,15","194,82","12,22","207,04",Franca,Ribeirão Preto
None,None,None,None,None,None,None,None,Gavião Peixoto,Ribeirão Preto
None,None,None,None,None,None,None,None,Guaíra,Ribeirão Preto
None,None,None,None,None,None,None,None,Guará,Ribeirão Preto
None,None,None,None,None,None,None,None,Guaraci,Ribeirão Preto
None,None,None,None,None,None,None,None,Guariba,Ribeirão Preto
None,None,None,None,None,None,None,None,Guatapará,Ribeirão Preto
None,None,None,None,None,None,None,None,Ibaté,Ribeirão Preto
None,None,None,None,None,None,None,None,Ibitinga,Ribeirão Preto
None,None,None,None,None,None,None,None,Igarapava,Ribeirão Preto
None,None,None,None,None,None,None,None,Ipuã,Ribeirão Preto
None,None,None,None,None,None,None,None,Itápolis,Ribeirão Preto
None,None,None,None,None,None,None,None,Itirapuã,Ribeirão Preto
None,None,None,None,None,None,None,None,Ituverava,Ribeirão Preto
None,None,None,None,None,None,None,None,Jaborandi,Ribeirão Preto
None,None,None,None,None,None,None,None,Jaboticabal,Ribeirão Preto
None,None,None,None,None,None,None,None,Jardinópolis,Ribeirão Preto
None,None,None,None,None,None,None,None,Jeriquara,Ribeirão Preto
None,None,None,None,None,None,None,None,Luís Antônio,Ribeirão Preto
None,None,None,None,None,None,None,None,Matão,Ribeirão Preto
None,None,None,None,None,None,None,None,Miguelópolis,Ribeirão Preto
None,None,None,None,None,None,None,None,Monte Alto,Ribeirão Preto
None,None,None,None,None,None,None,None,Monte Azul Paulista,Ribeirão Preto
None,None,None,None,None,None,None,None,Morro Agudo,Ribeirão Preto
None,None,None,None,None,None,None,None,Motuca,Ribeirão Preto
None,None,None,None,None,None,None,None,Nova Europa,Ribeirão Preto
None,None,None,None,None,None,None,None,Nuporanga,Ribeirão Preto
None,None,None,None,None,None,None,None,Olímpia,Ribeirão Preto
None,None,None,None,None,None,None,None,Orlândia,Ribeirão Preto
None,None,None,None,None,None,None,None,Patrocínio Paulista,Ribeirão Preto
None,None,None,None,None,None,None,None,Pedregulho,Ribeirão Preto
None,None,None,None,None,None,None,None,Pirangi,Ribeirão Preto
None,None,None,None,None,None,None,None,Pitangueiras,Ribeirão Preto
None,None,None,None,None,None,None,None,Pontal,Ribeirão Preto
None,None,None,None,None,None,None,None,Porto Ferreira,Ribeirão Preto
None,None,None,None,None,None,None,None,Pradópolis,Ribeirão Preto
None,None,None,None,None,None,None,None,Restinga,Ribeirão Preto
None,None,None,None,None,None,None,None,Ribeirão Bonito,Ribeirão Preto
None,None,None,None,None,None,None,None,Ribeirão Corrente,Ribeirão Preto
2019,"5,84","1.287,94","434,57","330,49","311,83","104,68","416,51",Ribeirão Preto,Ribeirão Preto
None,None,None,None,None,None,None,None,Rifaina,Ribeirão Preto
None,None,None,None,None,None,None,None,Rincão,Ribeirão Preto
None,None,None,None,None,None,None,None,Sales Oliveira,Ribeirão Preto
None,None,None,None,None,None,None,None,Santa Cruz da Esperança,Ribeirão Preto
None,None,None,None,None,None,None,None,Santa Ernestina,Ribeirão Preto
None,None,None,None,None,None,None,None,Santa Lúcia,Ribeirão Preto
None,None,None,None,None,None,None,None,Santa Rita do Passa Quatro,Ribeirão Preto
None,None,None,None,None,None,None,None,Santa Rosa do Viterbo,Ribeirão Preto
None,None,None,None,None,None,None,None,Santo Antônio da Alegria,Ribeirão Preto
2019,"7,38","1.323,49","170,51","145,51","166,91","20,60","187,51",São Carlos,Ribeirão Preto
None,None,None,None,None,None,None,None,São Joaquim da Barra,Ribeirão Preto
None,None,None,None,None,None,None,None,São José da Bela Vista,Ribeirão Preto
None,None,None,None,None,None,None,None,São Simão,Ribeirão Preto
None,None,None,None,None,None,None,None,Serra Azul,Ribeirão Preto
None,None,None,None,None,None,None,None,Serrana,Ribeirão Preto
2019,"4,08","770,93","118,29","249,63","280,11","47,04","327,15",Sertãozinho,Ribeirão Preto
None,None,None,None,None,None,None,None,Severínia,Ribeirão Preto
None,None,None,None,None,None,None,None,Tabatinga,Ribeirão Preto
None,None,None,None,None,None,None,None,Taiaçu,Ribeirão Preto
None,None,None,None,None,None,None,None,Taiúva,Ribeirão Preto
None,None,None,None,None,None,None,None,Taquaral,Ribeirão Preto
None,None,None,None,None,None,None,None,Taquaritinga,Ribeirão Preto
None,None,None,None,None,None,None,None,Terra Roxa,Ribeirão Preto
None,None,None,None,None,None,None,None,Trabiju,Ribeirão Preto
None,None,None,None,None,None,None,None,Viradouro,Ribeirão Preto
None,None,None,None,None,None,None,None,Vista Alegre do Alto,Ribeirão Preto
None,None,None,None,None,None,None,None,Agudos,Bauru
None,None,None,None,None,None,None,None,Álvaro de Carvalho,Bauru
None,None,None,None,None,None,None,None,Alvinlândia,Bauru
None,None,None,None,None,None,None,None,Arco-Íris,Bauru
None,None,None,None,None,None,None,None,Arealva,Bauru
None,None,None,None,None,None,None,None,Avaí,Bauru
None,None,None,None,None,None,None,None,Balbinos,Bauru
None,None,None,None,None,None,None,None,Bariri,Bauru
None,None,None,None,None,None,None,None,Barra Bonita,Bauru
None,None,None,None,None,None,None,None,Bastos,Bauru
2019,"4,38","1.277,52","195,26","141,31","159,55","19,81","179,36",Bauru,Bauru
None,None,None,None,None,None,None,None,Bernardino de Campos,Bauru
None,None,None,None,None,None,None,None,Bocaina,Bauru
None,None,None,None,None,None,None,None,Borá,Bauru
None,None,None,None,None,None,None,None,Boracéia,Bauru
None,None,None,None,None,None,None,None,Borebi,Bauru
None,None,None,None,None,None,None,None,Cabrália Paulista,Bauru
None,None,None,None,None,None,None,None,Cafelândia,Bauru
None,None,None,None,None,None,None,None,Canitar,Bauru
None,None,None,None,None,None,None,None,Chavantes,Bauru
None,None,None,None,None,None,None,None,Dois Córregos,Bauru
None,None,None,None,None,None,None,None,Duartina,Bauru
None,None,None,None,None,None,None,None,Echaporã,Bauru
None,None,None,None,None,None,None,None,Espírito Santo do Turvo,Bauru
None,None,None,None,None,None,None,None,Fernão,Bauru
None,None,None,None,None,None,None,None,Gália,Bauru
None,None,None,None,None,None,None,None,Garça,Bauru
None,None,None,None,None,None,None,None,Getulina,Bauru
None,None,None,None,None,None,None,None,Guaiçara,Bauru
None,None,None,None,None,None,None,None,Guaimbê,Bauru
None,None,None,None,None,None,None,None,Guarantã,Bauru
None,None,None,None,None,None,None,None,Herculândia,Bauru
None,None,None,None,None,None,None,None,Iacanga,Bauru
None,None,None,None,None,None,None,None,Iacri,Bauru
None,None,None,None,None,None,None,None,Igaraçu do Tietê,Bauru
None,None,None,None,None,None,None,None,Ipaussu,Bauru
None,None,None,None,None,None,None,None,Itaju,Bauru
None,None,None,None,None,None,None,None,Itapuí,Bauru
2019,"2,72","737,16","66,64","61,20","76,23","8,47","84,70",Jaú,Bauru
None,None,None,None,None,None,None,None,Júlio Mesquita,Bauru
None,None,None,None,None,None,None,None,Lençóis Paulista,Bauru
None,None,None,None,None,None,None,None,Lins,Bauru
None,None,None,None,None,None,None,None,Lucianópolis,Bauru
None,None,None,None,None,None,None,None,Lupércio,Bauru
None,None,None,None,None,None,None,None,Macatuba,Bauru
2019,"4,75","900,38","87,58","69,46","89,40","4,06","93,46",Marília,Bauru
None,None,None,None,None,None,None,None,Mineiros do Tietê,Bauru
None,None,None,None,None,None,None,None,Ocauçu,Bauru
None,None,None,None,None,None,None,None,Óleo,Bauru
None,None,None,None,None,None,None,None,Oriente,Bauru
None,None,None,None,None,None,None,None,Oscar Bressane,Bauru
2019,"4,53","1.285,11","87,91","82,47","112,55","2,53","115,08",Ourinhos,Bauru
None,None,None,None,None,None,None,None,Parapuã,Bauru
None,None,None,None,None,None,None,None,Paulistânia,Bauru
None,None,None,None,None,None,None,None,Pederneiras,Bauru
None,None,None,None,None,None,None,None,Pirajuí,Bauru
None,None,None,None,None,None,None,None,Piratininga,Bauru
None,None,None,None,None,None,None,None,Pompéia,Bauru
None,None,None,None,None,None,None,None,Pongaí,Bauru
None,None,None,None,None,None,None,None,Presidente Alves,Bauru
None,None,None,None,None,None,None,None,Promissão,Bauru
None,None,None,None,None,None,None,None,Quatá,Bauru
None,None,None,None,None,None,None,None,Queiroz,Bauru
None,None,None,None,None,None,None,None,Quintana,Bauru
None,None,None,None,None,None,None,None,Reginópolis,Bauru
None,None,None,None,None,None,None,None,Ribeirão do Sul,Bauru
None,None,None,None,None,None,None,None,Rinópolis,Bauru
None,None,None,None,None,None,None,None,Sabino,Bauru
None,None,None,None,None,None,None,None,Salto Grande,Bauru
None,None,None,None,None,None,None,None,Santa Cruz do Rio Pardo,Bauru
None,None,None,None,None,None,None,None,São Pedro do Turvo,Bauru
None,None,None,None,None,None,None,None,Timburi,Bauru
None,None,None,None,None,None,None,None,Tupã,Bauru
None,None,None,None,None,None,None,None,Ubirajara,Bauru
None,None,None,None,None,None,None,None,Uru,Bauru
None,None,None,None,None,None,None,None,Vera Cruz,Bauru
None,None,None,None,None,None,None,None,Adolfo,São José do Rio Preto
None,None,None,None,None,None,None,None,Álvares Florence,São José do Rio Preto
None,None,None,None,None,None,None,None,Américo de Campos,São José do Rio Preto
None,None,None,None,None,None,None,None,Aparecida d'Oeste,São José do Rio Preto
None,None,None,None,None,None,None,None,Ariranha,São José do Rio Preto
None,None,None,None,None,None,None,None,Aspásia,São José do Rio Preto
None,None,None,None,None,None,None,None,Bady Bassitt,São José do Rio Preto
None,None,None,None,None,None,None,None,Bálsamo,São José do Rio Preto
None,None,None,None,None,None,None,None,Cardoso,São José do Rio Preto
2019,"2,55","836,92","73,00","107,80","107,92","8,23","116,15",Catanduva,São José do Rio Preto
None,None,None,None,None,None,None,None,Catiguá,São José do Rio Preto
None,None,None,None,None,None,None,None,Cedral,São José do Rio Preto
None,None,None,None,None,None,None,None,Cosmorama,São José do Rio Preto
None,None,None,None,None,None,None,None,Dirce Reis,São José do Rio Preto
None,None,None,None,None,None,None,None,Dolcinópolis,São José do Rio Preto
None,None,None,None,None,None,None,None,Elisiário,São José do Rio Preto
None,None,None,None,None,None,None,None,Estrela d'Oeste,São José do Rio Preto
None,None,None,None,None,None,None,None,Fernandópolis,São José do Rio Preto
None,None,None,None,None,None,None,None,Floreal,São José do Rio Preto
None,None,None,None,None,None,None,None,Guapiaçu,São José do Rio Preto
None,None,None,None,None,None,None,None,Guarani d'Oeste,São José do Rio Preto
None,None,None,None,None,None,None,None,Ibirá,São José do Rio Preto
None,None,None,None,None,None,None,None,Icém,São José do Rio Preto
None,None,None,None,None,None,None,None,Indiaporã,São José do Rio Preto
None,None,None,None,None,None,None,None,Ipiguá,São José do Rio Preto
None,None,None,None,None,None,None,None,Irapuã,São José do Rio Preto
None,None,None,None,None,None,None,None,Itajobi,São José do Rio Preto
None,None,None,None,None,None,None,None,Jaci,São José do Rio Preto
None,None,None,None,None,None,None,None,Jales,São José do Rio Preto
None,None,None,None,None,None,None,None,José Bonifácio,São José do Rio Preto
None,None,None,None,None,None,None,None,Macaubal,São José do Rio Preto
None,None,None,None,None,None,None,None,Macedônia,São José do Rio Preto
None,None,None,None,None,None,None,None,Magda,São José do Rio Preto
None,None,None,None,None,None,None,None,Marapoama,São José do Rio Preto
None,None,None,None,None,None,None,None,Marinópolis,São José do Rio Preto
None,None,None,None,None,None,None,None,Mendonça,São José do Rio Preto
None,None,None,None,None,None,None,None,Meridiano,São José do Rio Preto
None,None,None,None,None,None,None,None,Mesópolis,São José do Rio Preto
None,None,None,None,None,None,None,None,Mira Estrela,São José do Rio Preto
None,None,None,None,None,None,None,None,Mirassol,São José do Rio Preto
None,None,None,None,None,None,None,None,Mirassolândia,São José do Rio Preto
None,None,None,None,None,None,None,None,Monções,São José do Rio Preto
None,None,None,None,None,None,None,None,Monte Aprazível,São José do Rio Preto
None,None,None,None,None,None,None,None,Neves Paulista,São José do Rio Preto
None,None,None,None,None,None,None,None,Nhandeara,São José do Rio Preto
None,None,None,None,None,None,None,None,Nipoã,São José do Rio Preto
None,None,None,None,None,None,None,None,Nova Aliança,São José do Rio Preto
None,None,None,None,None,None,None,None,Nova Canaã Paulista,São José do Rio Preto
None,None,None,None,None,None,None,None,Nova Granada,São José do Rio Preto
None,None,None,None,None,None,None,None,Novais,São José do Rio Preto
None,None,None,None,None,None,None,None,Novo Horizonte,São José do Rio Preto
None,None,None,None,None,None,None,None,Onda Verde,São José do Rio Preto
None,None,None,None,None,None,None,None,Orindiúva,São José do Rio Preto
None,None,None,None,None,None,None,None,Ouroeste,São José do Rio Preto
None,None,None,None,None,None,None,None,Palestina,São José do Rio Preto
None,None,None,None,None,None,None,None,Palmares Paulista,São José do Rio Preto
None,None,None,None,None,None,None,None,Palmeira d'Oeste,São José do Rio Preto
None,None,None,None,None,None,None,None,Paraíso,São José do Rio Preto
None,None,None,None,None,None,None,None,Paranapuã,São José do Rio Preto
None,None,None,None,None,None,None,None,Parisi,São José do Rio Preto
None,None,None,None,None,None,None,None,Paulo de Faria,São José do Rio Preto
None,None,None,None,None,None,None,None,Pedranópolis,São José do Rio Preto
None,None,None,None,None,None,None,None,Pindorama,São José do Rio Preto
None,None,None,None,None,None,None,None,Planalto,São José do Rio Preto
None,None,None,None,None,None,None,None,Poloni,São José do Rio Preto
None,None,None,None,None,None,None,None,Pontalinda,São José do Rio Preto
None,None,None,None,None,None,None,None,Pontes Gestal,São José do Rio Preto
None,None,None,None,None,None,None,None,Populina,São José do Rio Preto
None,None,None,None,None,None,None,None,Potirendaba,São José do Rio Preto
None,None,None,None,None,None,None,None,Riolândia,São José do Rio Preto
None,None,None,None,None,None,None,None,Rubinéia,São José do Rio Preto
None,None,None,None,None,None,None,None,Sales,São José do Rio Preto
None,None,None,None,None,None,None,None,Santa Adélia,São José do Rio Preto
None,None,None,None,None,None,None,None,Santa Albertina,São José do Rio Preto
None,None,None,None,None,None,None,None,Santa Clara d'Oeste,São José do Rio Preto
None,None,None,None,None,None,None,None,Santa Fé do Sul,São José do Rio Preto
None,None,None,None,None,None,None,None,Santa Rita d'Oeste,São José do Rio Preto
None,None,None,None,None,None,None,None,Santa Salete,São José do Rio Preto
None,None,None,None,None,None,None,None,Santana da Ponte Pensa,São José do Rio Preto
None,None,None,None,None,None,None,None,São Francisco,São José do Rio Preto
None,None,None,None,None,None,None,None,São João das Duas Pontes,São José do Rio Preto
2019,"5,35","1.418,58","171,31","215,42","226,42","14,45","240,86",São José do Rio Preto,São José do Rio Preto
None,None,None,None,None,None,None,None,Sebastianópolis do Sul,São José do Rio Preto
None,None,None,None,None,None,None,None,Tabapuã,São José do Rio Preto
None,None,None,None,None,None,None,None,Tanabi,São José do Rio Preto
None,None,None,None,None,None,None,None,Três Fronteiras,São José do Rio Preto
None,None,None,None,None,None,None,None,Turmalina,São José do Rio Preto
None,None,None,None,None,None,None,None,Ubarana,São José do Rio Preto
None,None,None,None,None,None,None,None,Uchôa,São José do Rio Preto
None,None,None,None,None,None,None,None,União Paulista,São José do Rio Preto
None,None,None,None,None,None,None,None,Urânia,São José do Rio Preto
None,None,None,None,None,None,None,None,Urupês,São José do Rio Preto
None,None,None,None,None,None,None,None,Valentim Gentil,São José do Rio Preto
None,None,None,None,None,None,None,None,Vitória Brasil,São José do Rio Preto
None,None,None,None,None,None,None,None,Votuporanga,São José do Rio Preto
None,None,None,None,None,None,None,None,Zacarias,São José do Rio Preto
None,None,None,None,None,None,None,None,Barra do Turvo,Santos
2019,"3,03","381,52","136,57","42,49","265,35","111,53","376,88",Bertioga,Santos
None,None,None,None,None,None,None,None,Cajati,Santos
None,None,None,None,None,None,None,None,Cananéia,Santos
2019,"2,34","940,30","482,65","231,95","154,14","360,24","514,37",Cubatão,Santos
None,None,None,None,None,None,None,None,Eldorado,Santos
2019,"1,54","482,79","385,80","61,52","206,89","70,12","277,01",Guarujá,Santos
None,None,None,None,None,None,None,None,Iguape,Santos
None,None,None,None,None,None,None,None,Ilha Comprida,Santos
None,None,None,None,None,None,None,None,Iporanga,Santos
2019,"8,97","1.671,93","507,34","202,43","427,58","254,82","682,40",Itanhaém,Santos
None,None,None,None,None,None,None,None,Itariri,Santos
None,None,None,None,None,None,None,None,Jacupiranga,Santos
None,None,None,None,None,None,None,None,Juquiá,Santos
None,None,None,None,None,None,None,None,Miracatu,Santos
None,None,None,None,None,None,None,None,Mongaguá,Santos
None,None,None,None,None,None,None,None,Pariquera-Açu,Santos
None,None,None,None,None,None,None,None,Pedro de Toledo,Santos
None,None,None,None,None,None,None,None,Peruíbe,Santos
2019,"1,99","399,82","250,16","60,87","318,39","199,84","518,23",Praia Grande,Santos
None,None,None,None,None,None,None,None,Registro,Santos
2019,"3,46","976,10","438,11","202,38","361,57","60,98","422,56",Santos,Santos
2019,"2,42","490,03","418,22","98,69","233,91","246,36","480,27",São Vicente,Santos
None,None,None,None,None,None,None,None,Sete Barras,Santos
None,None,None,None,None,None,None,None,Águas de Santa Bárbara,Sorocaba
None,None,None,None,None,None,None,None,Alambari,Sorocaba
None,None,None,None,None,None,None,None,Alumínio,Sorocaba
None,None,None,None,None,None,None,None,Angatuba,Sorocaba
None,None,None,None,None,None,None,None,Anhembi,Sorocaba
None,None,None,None,None,None,None,None,Apiaí,Sorocaba
None,None,None,None,None,None,None,None,Araçariguama,Sorocaba
None,None,None,None,None,None,None,None,Araçoiaba da Serra,Sorocaba
None,None,None,None,None,None,None,None,Arandu,Sorocaba
None,None,None,None,None,None,None,None,Areiópolis,Sorocaba
None,None,None,None,None,None,None,None,Avaré,Sorocaba
None,None,None,None,None,None,None,None,Barão de Antonina,Sorocaba
None,None,None,None,None,None,None,None,Barra do Chapéu,Sorocaba
None,None,None,None,None,None,None,None,Bofete,Sorocaba
None,None,None,None,None,None,None,None,Boituva,Sorocaba
None,None,None,None,None,None,None,None,Bom Sucesso de Itararé,Sorocaba
2019,"4,93","732,95","25,37","25,37","32,79","1,93","34,72",Botucatu,Sorocaba
None,None,None,None,None,None,None,None,Buri,Sorocaba
None,None,None,None,None,None,None,None,Campina do Monte Alegre,Sorocaba
None,None,None,None,None,None,None,None,Capão Bonito,Sorocaba
None,None,None,None,None,None,None,None,Capela do Alto,Sorocaba
None,None,None,None,None,None,None,None,Cerqueira César,Sorocaba
None,None,None,None,None,None,None,None,Cerquilho,Sorocaba
None,None,None,None,None,None,None,None,Cesário Lange,Sorocaba
None,None,None,None,None,None,None,None,Conchas,Sorocaba
None,None,None,None,None,None,None,None,Coronel Macedo,Sorocaba
None,None,None,None,None,None,None,None,Fartura,Sorocaba
None,None,None,None,None,None,None,None,Guapiara,Sorocaba
None,None,None,None,None,None,None,None,Guareí,Sorocaba
None,None,None,None,None,None,None,None,Iaras,Sorocaba
None,None,None,None,None,None,None,None,Ibiúna,Sorocaba
None,None,None,None,None,None,None,None,Iperó,Sorocaba
None,None,None,None,None,None,None,None,Itaberá,Sorocaba
None,None,None,None,None,None,None,None,Itaí,Sorocaba
None,None,None,None,None,None,None,None,Itaóca,Sorocaba
2019,"6,27","974,91","115,43","96,61","133,50","16,57","150,06",Itapetininga,Sorocaba
None,None,None,None,None,None,None,None,Itapeva,Sorocaba
None,None,None,None,None,None,None,None,Itapirapuã Paulista,Sorocaba
None,None,None,None,None,None,None,None,Itaporanga,Sorocaba
None,None,None,None,None,None,None,None,Itararé,Sorocaba
None,None,None,None,None,None,None,None,Itatinga,Sorocaba
2019,"4,72","797,62","168,85","175,35","187,06","46,37","233,43",Itu,Sorocaba
None,None,None,None,None,None,None,None,Jumirim,Sorocaba
None,None,None,None,None,None,None,None,Laranjal Paulista,Sorocaba
None,None,None,None,None,None,None,None,Mairinque,Sorocaba
None,None,None,None,None,None,None,None,Manduri,Sorocaba
None,None,None,None,None,None,None,None,Nova Campina,Sorocaba
None,None,None,None,None,None,None,None,Paranapanema,Sorocaba
None,None,None,None,None,None,None,None,Pardinho,Sorocaba
None,None,None,None,None,None,None,None,Pereiras,Sorocaba
None,None,None,None,None,None,None,None,Piedade,Sorocaba
None,None,None,None,None,None,None,None,Pilar do Sul,Sorocaba
None,None,None,None,None,None,None,None,Piraju,Sorocaba
None,None,None,None,None,None,None,None,Porangaba,Sorocaba
None,None,None,None,None,None,None,None,Porto Feliz,Sorocaba
None,None,None,None,None,None,None,None,Pratânia,Sorocaba
None,None,None,None,None,None,None,None,Quadra,Sorocaba
None,None,None,None,None,None,None,None,Ribeira,Sorocaba
None,None,None,None,None,None,None,None,Ribeirão Branco,Sorocaba
None,None,None,None,None,None,None,None,Ribeirão Grande,Sorocaba
None,None,None,None,None,None,None,None,Riversul,Sorocaba
2019,"4,34","534,77","113,73","244,82","316,99","43,46","360,44",Salto,Sorocaba
None,None,None,None,None,None,None,None,Salto de Pirapora,Sorocaba
None,None,None,None,None,None,None,None,São Manuel,Sorocaba
None,None,None,None,None,None,None,None,São Miguel Arcanjo,Sorocaba
None,None,None,None,None,None,None,None,São Roque,Sorocaba
None,None,None,None,None,None,None,None,Sarapuí,Sorocaba
None,None,None,None,None,None,None,None,Sarutaiá,Sorocaba
2019,"7,14","1.045,81","292,73","255,07","269,19","77,89","347,07",Sorocaba,Sorocaba
None,None,None,None,None,None,None,None,Taguaí,Sorocaba
None,None,None,None,None,None,None,None,Tapiraí,Sorocaba
None,None,None,None,None,None,None,None,Taquarituba,Sorocaba
None,None,None,None,None,None,None,None,Taquarivaí,Sorocaba
2019,"3,36","637,72","88,95","135,10","158,83","26,47","185,30",Tatuí,Sorocaba
None,None,None,None,None,None,None,None,Tejupá,Sorocaba
None,None,None,None,None,None,None,None,Tietê,Sorocaba
None,None,None,None,None,None,None,None,Torre de Pedra,Sorocaba
2019,"3,35","598,45","108,96","111,48","141,85","43,11","184,96",Votorantim,Sorocaba
None,None,None,None,None,None,None,None,Adamantina,Presidente Prudente
None,None,None,None,None,None,None,None,Alfredo Marcondes,Presidente Prudente
None,None,None,None,None,None,None,None,Álvares Machado,Presidente Prudente
None,None,None,None,None,None,None,None,Anhumas,Presidente Prudente
None,None,None,None,None,None,None,None,Assis,Presidente Prudente
None,None,None,None,None,None,None,None,Caiabu,Presidente Prudente
None,None,None,None,None,None,None,None,Caiuá,Presidente Prudente
None,None,None,None,None,None,None,None,Campos Novos Paulista,Presidente Prudente
None,None,None,None,None,None,None,None,Cândido Mota,Presidente Prudente
None,None,None,None,None,None,None,None,Cruzália,Presidente Prudente
None,None,None,None,None,None,None,None,Dracena,Presidente Prudente
None,None,None,None,None,None,None,None,Emilianópolis,Presidente Prudente
None,None,None,None,None,None,None,None,Estrela do Norte,Presidente Prudente
None,None,None,None,None,None,None,None,Euclides da Cunha Paulista,Presidente Prudente
None,None,None,None,None,None,None,None,Flora Rica,Presidente Prudente
None,None,None,None,None,None,None,None,Flórida Paulista,Presidente Prudente
None,None,None,None,None,None,None,None,Florínia,Presidente Prudente
None,None,None,None,None,None,None,None,Ibirarema,Presidente Prudente
None,None,None,None,None,None,None,None,Iepê,Presidente Prudente
None,None,None,None,None,None,None,None,Indiana,Presidente Prudente
None,None,None,None,None,None,None,None,Inúbia Paulista,Presidente Prudente
None,None,None,None,None,None,None,None,Irapuru,Presidente Prudente
None,None,None,None,None,None,None,None,João Ramalho,Presidente Prudente
None,None,None,None,None,None,None,None,Junqueirópolis,Presidente Prudente
None,None,None,None,None,None,None,None,Lucélia,Presidente Prudente
None,None,None,None,None,None,None,None,Lutécia,Presidente Prudente
None,None,None,None,None,None,None,None,Marabá Paulista,Presidente Prudente
None,None,None,None,None,None,None,None,Maracaí,Presidente Prudente
None,None,None,None,None,None,None,None,Mariápolis,Presidente Prudente
None,None,None,None,None,None,None,None,Martinópolis,Presidente Prudente
None,None,None,None,None,None,None,None,Mirante do Paranapanema,Presidente Prudente
None,None,None,None,None,None,None,None,Monte Castelo,Presidente Prudente
None,None,None,None,None,None,None,None,Nantes,Presidente Prudente
None,None,None,None,None,None,None,None,Narandiba,Presidente Prudente
None,None,None,None,None,None,None,None,Nova Guataporanga,Presidente Prudente
None,None,None,None,None,None,None,None,Osvaldo Cruz,Presidente Prudente
None,None,None,None,None,None,None,None,Ouro Verde,Presidente Prudente
None,None,None,None,None,None,None,None,Pacaembu,Presidente Prudente
None,None,None,None,None,None,None,None,Palmital,Presidente Prudente
None,None,None,None,None,None,None,None,Panorama,Presidente Prudente
None,None,None,None,None,None,None,None,Paraguaçu Paulista,Presidente Prudente
None,None,None,None,None,None,None,None,Paulicéia,Presidente Prudente
None,None,None,None,None,None,None,None,Pedrinhas Paulista,Presidente Prudente
None,None,None,None,None,None,None,None,Piquerobi,Presidente Prudente
None,None,None,None,None,None,None,None,Pirapozinho,Presidente Prudente
None,None,None,None,None,None,None,None,Platina,Presidente Prudente
None,None,None,None,None,None,None,None,Pracinha,Presidente Prudente
None,None,None,None,None,None,None,None,Presidente Bernardes,Presidente Prudente
None,None,None,None,None,None,None,None,Presidente Epitácio,Presidente Prudente
2019,"3,61","998,13","66,81","72,68","87,08","4,55","91,63",Presidente Prudente,Presidente Prudente
None,None,None,None,None,None,None,None,Presidente Venceslau,Presidente Prudente
None,None,None,None,None,None,None,None,Rancharia,Presidente Prudente
None,None,None,None,None,None,None,None,Regente Feijó,Presidente Prudente
None,None,None,None,None,None,None,None,Ribeirão dos Índios,Presidente Prudente
None,None,None,None,None,None,None,None,Rosana,Presidente Prudente
None,None,None,None,None,None,None,None,Sagres,Presidente Prudente
None,None,None,None,None,None,None,None,Salmourão,Presidente Prudente
None,None,None,None,None,None,None,None,Sandovalina,Presidente Prudente
None,None,None,None,None,None,None,None,Santa Mercedes,Presidente Prudente
None,None,None,None,None,None,None,None,Santo Anastácio,Presidente Prudente
None,None,None,None,None,None,None,None,Santo Expedito,Presidente Prudente
None,None,None,None,None,None,None,None,São João do Pau d'Alho,Presidente Prudente
None,None,None,None,None,None,None,None,Taciba,Presidente Prudente
None,None,None,None,None,None,None,None,Tarabaí,Presidente Prudente
None,None,None,None,None,None,None,None,Tarumã,Presidente Prudente
None,None,None,None,None,None,None,None,Teodoro Sampaio,Presidente Prudente
None,None,None,None,None,None,None,None,Tupi Paulista,Presidente Prudente
None,None,None,None,None,None,None,None,Aguaí,Piracicaba
None,None,None,None,None,None,None,None,Águas da Prata,Piracicaba
None,None,None,None,None,None,None,None,Águas de São Pedro,Piracicaba
2019,"3,42","1.068,73","258,94","484,07","545,28","68,97","614,25",Americana,Piracicaba
None,None,None,None,None,None,None,None,Analândia,Piracicaba
2019,"5,35","915,88","156,72","279,81","313,05","41,68","354,73",Araras,Piracicaba
None,None,None,None,None,None,None,None,Artur Nogueira,Piracicaba
None,None,None,None,None,None,None,None,Brotas,Piracicaba
None,None,None,None,None,None,None,None,Caconde,Piracicaba
None,None,None,None,None,None,None,None,Capivari,Piracicaba
None,None,None,None,None,None,None,None,Casa Branca,Piracicaba
None,None,None,None,None,None,None,None,Charqueada,Piracicaba
None,None,None,None,None,None,None,None,Conchal,Piracicaba
None,None,None,None,None,None,None,None,Cordeirópolis,Piracicaba
None,None,None,None,None,None,None,None,Corumbataí,Piracicaba
None,None,None,None,None,None,None,None,Cosmópolis,Piracicaba
None,None,None,None,None,None,None,None,Divinolândia,Piracicaba
None,None,None,None,None,None,None,None,Elias Fausto,Piracicaba
None,None,None,None,None,None,None,None,Engenheiro Coelho,Piracicaba
None,None,None,None,None,None,None,None,Espírito Santo do Pinhal,Piracicaba
2019,"5,72","678,32","496,20","382,71","383,56","321,93","705,49",Hortolândia,Piracicaba
None,None,None,None,None,None,None,None,Ipeúna,Piracicaba
None,None,None,None,None,None,None,None,Iracemápolis,Piracicaba
None,None,None,None,None,None,None,None,Itirapina,Piracicaba
None,None,None,None,None,None,None,None,Itobi,Piracicaba
None,None,None,None,None,None,None,None,Leme,Piracicaba
2019,"4,72","964,61","298,75","323,67","360,44","69,31","429,75",Limeira,Piracicaba
None,None,None,None,None,None,None,None,Mococa,Piracicaba
None,None,None,None,None,None,None,None,Mombuca,Piracicaba
None,None,None,None,None,None,None,None,Monte Mor,Piracicaba
None,None,None,None,None,None,None,None,Nova Odessa,Piracicaba
2019,"6,90","873,52","203,74","242,35","243,78","55,96","299,74",Piracicaba,Piracicaba
None,None,None,None,None,None,None,None,Pirassununga,Piracicaba
None,None,None,None,None,None,None,None,Rafard,Piracicaba
2019,"6,47","930,99","274,67","294,08","248,42","90,65","339,07",Rio Claro,Piracicaba
None,None,None,None,None,None,None,None,Rio das Pedras,Piracicaba
None,None,None,None,None,None,None,None,Saltinho,Piracicaba
2019,"3,71","748,20","227,11","341,73","389,42","55,24","444,65",Santa Bárbara d'Oeste,Piracicaba
None,None,None,None,None,None,None,None,Santa Cruz da Conceição,Piracicaba
None,None,None,None,None,None,None,None,Santa Cruz das Palmeiras,Piracicaba
None,None,None,None,None,None,None,None,Santa Gertrudes,Piracicaba
None,None,None,None,None,None,None,None,Santa Maria da Serra,Piracicaba
None,None,None,None,None,None,None,None,Santo Antônio do Jardim,Piracicaba
None,None,None,None,None,None,None,None,São João da Boa Vista,Piracicaba
None,None,None,None,None,None,None,None,São José do Rio Pardo,Piracicaba
None,None,None,None,None,None,None,None,São Pedro,Piracicaba
None,None,None,None,None,None,None,None,São Sebastião da Grama,Piracicaba
2019,"6,77","761,99","355,71","296,61","316,03","165,24","481,27",Sumaré,Piracicaba
None,None,None,None,None,None,None,None,Tambaú,Piracicaba
None,None,None,None,None,None,None,None,Tapiratiba,Piracicaba
None,None,None,None,None,None,None,None,Torrinha,Piracicaba
None,None,None,None,None,None,None,None,Vargem Grande do Sul,Piracicaba
None,None,None,None,None,None,None,None,Alto Alegre,Araçatuba
None,None,None,None,None,None,None,None,Andradina,Araçatuba
2019,"12,04","1.175,65","161,29","101,59","93,08","17,70","110,78",Araçatuba,Araçatuba
None,None,None,None,None,None,None,None,Auriflama,Araçatuba
None,None,None,None,None,None,None,None,Avanhandava,Araçatuba
None,None,None,None,None,None,None,None,Barbosa,Araçatuba
None,None,None,None,None,None,None,None,Bento de Abreu,Araçatuba
None,None,None,None,None,None,None,None,Bilac,Araçatuba
2019,"4,13","1.181,97","161,18","125,64","133,05","15,65","148,70",Birigui,Araçatuba
None,None,None,None,None,None,None,None,Braúna,Araçatuba
None,None,None,None,None,None,None,None,Brejo Alegre,Araçatuba
None,None,None,None,None,None,None,None,Buritama,Araçatuba
None,None,None,None,None,None,None,None,Castilho,Araçatuba
None,None,None,None,None,None,None,None,Clementina,Araçatuba
None,None,None,None,None,None,None,None,Coroados,Araçatuba
None,None,None,None,None,None,None,None,Gabriel Monteiro,Araçatuba
None,None,None,None,None,None,None,None,Gastão Vidigal,Araçatuba
None,None,None,None,None,None,None,None,General Salgado,Araçatuba
None,None,None,None,None,None,None,None,Glicério,Araçatuba
None,None,None,None,None,None,None,None,Guaraçaí,Araçatuba
None,None,None,None,None,None,None,None,Guararapes,Araçatuba
None,None,None,None,None,None,None,None,Guzolândia,Araçatuba
None,None,None,None,None,None,None,None,Ilha Solteira,Araçatuba
None,None,None,None,None,None,None,None,Itapura,Araçatuba
None,None,None,None,None,None,None,None,Lavínia,Araçatuba
None,None,None,None,None,None,None,None,Lourdes,Araçatuba
None,None,None,None,None,None,None,None,Luiziânia,Araçatuba
None,None,None,None,None,None,None,None,Mirandópolis,Araçatuba
None,None,None,None,None,None,None,None,Murutinga do Sul,Araçatuba
None,None,None,None,None,None,None,None,Nova Castilho,Araçatuba
None,None,None,None,None,None,None,None,Nova Independência,Araçatuba
None,None,None,None,None,None,None,None,Nova Luzitânia,Araçatuba
None,None,None,None,None,None,None,None,Penápolis,Araçatuba
None,None,None,None,None,None,None,None,Pereira Barreto,Araçatuba
None,None,None,None,None,None,None,None,Piacatu,Araçatuba
None,None,None,None,None,None,None,None,Rubiácea,Araçatuba
None,None,None,None,None,None,None,None,Santo Antônio do Aracanguá,Araçatuba
None,None,None,None,None,None,None,None,Santópolis do Aguapeí,Araçatuba
None,None,None,None,None,None,None,None,São João de Iracema,Araçatuba
None,None,None,None,None,None,None,None,Sud Mennucci,Araçatuba
None,None,None,None,None,None,None,None,Suzanápolis,Araçatuba
None,None,None,None,None,None,None,None,Turiúba,Araçatuba
None,None,None,None,None,None,None,None,Valparaíso,Araçatuba
